"conf_cases","weekdate","week","year"
0,1986-01-01,1,1986
1,1986-01-08,2,1986
1,1986-01-15,3,1986
0,1986-01-22,4,1986
0,1986-01-29,5,1986
0,1986-02-05,6,1986
0,1986-02-12,7,1986
0,1986-02-19,8,1986
0,1986-02-26,9,1986
0,1986-03-05,10,1986
1,1986-03-12,11,1986
0,1986-03-19,12,1986
0,1986-03-26,13,1986
1,1986-04-02,14,1986
0,1986-04-09,15,1986
0,1986-04-16,16,1986
0,1986-04-23,17,1986
0,1986-04-30,18,1986
1,1986-05-07,19,1986
1,1986-05-14,20,1986
0,1986-05-21,21,1986
0,1986-05-28,22,1986
0,1986-06-04,23,1986
0,1986-06-11,24,1986
1,1986-06-18,25,1986
1,1986-06-25,26,1986
3,1986-07-02,27,1986
2,1986-07-09,28,1986
2,1986-07-16,29,1986
1,1986-07-23,30,1986
1,1986-07-30,31,1986
2,1986-08-06,32,1986
1,1986-08-13,33,1986
4,1986-08-20,34,1986
5,1986-08-27,35,1986
11,1986-09-03,36,1986
17,1986-09-10,37,1986
16,1986-09-17,38,1986
8,1986-09-24,39,1986
8,1986-10-01,40,1986
18,1986-10-08,41,1986
12,1986-10-15,42,1986
1,1986-10-22,43,1986
0,1986-10-29,44,1986
0,1986-11-05,45,1986
0,1986-11-12,46,1986
2,1986-11-19,47,1986
2,1986-11-26,48,1986
3,1986-12-03,49,1986
4,1986-12-10,50,1986
1,1986-12-17,51,1986
0,1986-12-24,52,1986
5,1987-01-01,1,1987
7,1987-01-08,2,1987
14,1987-01-15,3,1987
12,1987-01-22,4,1987
3,1987-01-29,5,1987
9,1987-02-05,6,1987
8,1987-02-12,7,1987
3,1987-02-19,8,1987
5,1987-02-26,9,1987
7,1987-03-05,10,1987
2,1987-03-12,11,1987
2,1987-03-19,12,1987
1,1987-03-26,13,1987
7,1987-04-02,14,1987
3,1987-04-09,15,1987
0,1987-04-16,16,1987
0,1987-04-23,17,1987
1,1987-04-30,18,1987
4,1987-05-07,19,1987
1,1987-05-14,20,1987
3,1987-05-21,21,1987
3,1987-05-28,22,1987
3,1987-06-04,23,1987
3,1987-06-11,24,1987
4,1987-06-18,25,1987
6,1987-06-25,26,1987
11,1987-07-02,27,1987
10,1987-07-09,28,1987
8,1987-07-16,29,1987
10,1987-07-23,30,1987
17,1987-07-30,31,1987
13,1987-08-06,32,1987
14,1987-08-13,33,1987
6,1987-08-20,34,1987
10,1987-08-27,35,1987
4,1987-09-03,36,1987
4,1987-09-10,37,1987
3,1987-09-17,38,1987
2,1987-09-24,39,1987
2,1987-10-01,40,1987
2,1987-10-08,41,1987
4,1987-10-15,42,1987
4,1987-10-22,43,1987
2,1987-10-29,44,1987
2,1987-11-05,45,1987
2,1987-11-12,46,1987
1,1987-11-19,47,1987
1,1987-11-26,48,1987
2,1987-12-03,49,1987
1,1987-12-10,50,1987
1,1987-12-17,51,1987
2,1987-12-24,52,1987
2,1988-01-01,1,1988
4,1988-01-08,2,1988
1,1988-01-15,3,1988
3,1988-01-22,4,1988
2,1988-01-29,5,1988
2,1988-02-05,6,1988
2,1988-02-12,7,1988
1,1988-02-19,8,1988
3,1988-02-26,9,1988
2,1988-03-04,10,1988
2,1988-03-11,11,1988
5,1988-03-18,12,1988
3,1988-03-25,13,1988
3,1988-04-01,14,1988
3,1988-04-08,15,1988
4,1988-04-15,16,1988
4,1988-04-22,17,1988
6,1988-04-29,18,1988
14,1988-05-06,19,1988
13,1988-05-13,20,1988
10,1988-05-20,21,1988
9,1988-05-27,22,1988
12,1988-06-03,23,1988
10,1988-06-10,24,1988
4,1988-06-17,25,1988
6,1988-06-24,26,1988
7,1988-07-01,27,1988
6,1988-07-08,28,1988
14,1988-07-15,29,1988
17,1988-07-22,30,1988
15,1988-07-29,31,1988
14,1988-08-05,32,1988
29,1988-08-12,33,1988
18,1988-08-19,34,1988
24,1988-08-26,35,1988
23,1988-09-02,36,1988
73,1988-09-09,37,1988
57,1988-09-16,38,1988
44,1988-09-23,39,1988
60,1988-09-30,40,1988
58,1988-10-07,41,1988
74,1988-10-14,42,1988
63,1988-10-21,43,1988
72,1988-10-28,44,1988
74,1988-11-04,45,1988
74,1988-11-11,46,1988
79,1988-11-18,47,1988
76,1988-11-25,48,1988
64,1988-12-02,49,1988
56,1988-12-09,50,1988
34,1988-12-16,51,1988
27,1988-12-23,52,1988
23,1989-01-01,1,1989
18,1989-01-08,2,1989
18,1989-01-15,3,1989
21,1989-01-22,4,1989
20,1989-01-29,5,1989
12,1989-02-05,6,1989
15,1989-02-12,7,1989
11,1989-02-19,8,1989
11,1989-02-26,9,1989
8,1989-03-05,10,1989
8,1989-03-12,11,1989
3,1989-03-19,12,1989
4,1989-03-26,13,1989
6,1989-04-02,14,1989
6,1989-04-09,15,1989
8,1989-04-16,16,1989
7,1989-04-23,17,1989
8,1989-04-30,18,1989
4,1989-05-07,19,1989
7,1989-05-14,20,1989
6,1989-05-21,21,1989
6,1989-05-28,22,1989
11,1989-06-04,23,1989
9,1989-06-11,24,1989
6,1989-06-18,25,1989
8,1989-06-25,26,1989
14,1989-07-02,27,1989
11,1989-07-09,28,1989
6,1989-07-16,29,1989
6,1989-07-23,30,1989
27,1989-07-30,31,1989
32,1989-08-06,32,1989
44,1989-08-13,33,1989
44,1989-08-20,34,1989
54,1989-08-27,35,1989
71,1989-09-03,36,1989
59,1989-09-10,37,1989
36,1989-09-17,38,1989
60,1989-09-24,39,1989
63,1989-10-01,40,1989
77,1989-10-08,41,1989
116,1989-10-15,42,1989
91,1989-10-22,43,1989
87,1989-10-29,44,1989
79,1989-11-05,45,1989
86,1989-11-12,46,1989
86,1989-11-19,47,1989
105,1989-11-26,48,1989
120,1989-12-03,49,1989
95,1989-12-10,50,1989
59,1989-12-17,51,1989
55,1989-12-24,52,1989
58,1990-01-01,1,1990
45,1990-01-08,2,1990
48,1990-01-15,3,1990
43,1990-01-22,4,1990
36,1990-01-29,5,1990
33,1990-02-05,6,1990
20,1990-02-12,7,1990
15,1990-02-19,8,1990
18,1990-02-26,9,1990
13,1990-03-05,10,1990
19,1990-03-12,11,1990
21,1990-03-19,12,1990
13,1990-03-26,13,1990
19,1990-04-02,14,1990
3,1990-04-09,15,1990
9,1990-04-16,16,1990
1,1990-04-23,17,1990
5,1990-04-30,18,1990
5,1990-05-07,19,1990
5,1990-05-14,20,1990
3,1990-05-21,21,1990
7,1990-05-28,22,1990
2,1990-06-04,23,1990
4,1990-06-11,24,1990
6,1990-06-18,25,1990
12,1990-06-25,26,1990
5,1990-07-02,27,1990
10,1990-07-09,28,1990
5,1990-07-16,29,1990
8,1990-07-23,30,1990
21,1990-07-30,31,1990
41,1990-08-06,32,1990
43,1990-08-13,33,1990
47,1990-08-20,34,1990
46,1990-08-27,35,1990
50,1990-09-03,36,1990
55,1990-09-10,37,1990
69,1990-09-17,38,1990
56,1990-09-24,39,1990
69,1990-10-01,40,1990
70,1990-10-08,41,1990
83,1990-10-15,42,1990
71,1990-10-22,43,1990
91,1990-10-29,44,1990
135,1990-11-05,45,1990
84,1990-11-12,46,1990
91,1990-11-19,47,1990
100,1990-11-26,48,1990
96,1990-12-03,49,1990
64,1990-12-10,50,1990
53,1990-12-17,51,1990
42,1990-12-24,52,1990
34,1991-01-01,1,1991
38,1991-01-08,2,1991
42,1991-01-15,3,1991
34,1991-01-22,4,1991
44,1991-01-29,5,1991
24,1991-02-05,6,1991
21,1991-02-12,7,1991
25,1991-02-19,8,1991
20,1991-02-26,9,1991
22,1991-03-05,10,1991
23,1991-03-12,11,1991
19,1991-03-19,12,1991
21,1991-03-26,13,1991
20,1991-04-02,14,1991
15,1991-04-09,15,1991
26,1991-04-16,16,1991
16,1991-04-23,17,1991
19,1991-04-30,18,1991
15,1991-05-07,19,1991
17,1991-05-14,20,1991
14,1991-05-21,21,1991
17,1991-05-28,22,1991
22,1991-06-04,23,1991
22,1991-06-11,24,1991
16,1991-06-18,25,1991
18,1991-06-25,26,1991
20,1991-07-02,27,1991
18,1991-07-09,28,1991
22,1991-07-16,29,1991
25,1991-07-23,30,1991
34,1991-07-30,31,1991
68,1991-08-06,32,1991
73,1991-08-13,33,1991
86,1991-08-20,34,1991
82,1991-08-27,35,1991
80,1991-09-03,36,1991
80,1991-09-10,37,1991
109,1991-09-17,38,1991
119,1991-09-24,39,1991
172,1991-10-01,40,1991
137,1991-10-08,41,1991
178,1991-10-15,42,1991
164,1991-10-22,43,1991
172,1991-10-29,44,1991
179,1991-11-05,45,1991
160,1991-11-12,46,1991
172,1991-11-19,47,1991
203,1991-11-26,48,1991
183,1991-12-03,49,1991
130,1991-12-10,50,1991
88,1991-12-17,51,1991
80,1991-12-24,52,1991
74,1992-01-01,1,1992
111,1992-01-08,2,1992
106,1992-01-15,3,1992
104,1992-01-22,4,1992
59,1992-01-29,5,1992
55,1992-02-05,6,1992
67,1992-02-12,7,1992
45,1992-02-19,8,1992
48,1992-02-26,9,1992
75,1992-03-04,10,1992
50,1992-03-11,11,1992
43,1992-03-18,12,1992
33,1992-03-25,13,1992
34,1992-04-01,14,1992
35,1992-04-08,15,1992
34,1992-04-15,16,1992
34,1992-04-22,17,1992
36,1992-04-29,18,1992
35,1992-05-06,19,1992
34,1992-05-13,20,1992
33,1992-05-20,21,1992
36,1992-05-27,22,1992
30,1992-06-03,23,1992
42,1992-06-10,24,1992
53,1992-06-17,25,1992
46,1992-06-24,26,1992
58,1992-07-01,27,1992
53,1992-07-08,28,1992
55,1992-07-15,29,1992
66,1992-07-22,30,1992
76,1992-07-29,31,1992
76,1992-08-05,32,1992
61,1992-08-12,33,1992
106,1992-08-19,34,1992
97,1992-08-26,35,1992
98,1992-09-02,36,1992
94,1992-09-09,37,1992
100,1992-09-16,38,1992
86,1992-09-23,39,1992
85,1992-09-30,40,1992
81,1992-10-07,41,1992
108,1992-10-14,42,1992
91,1992-10-21,43,1992
87,1992-10-28,44,1992
107,1992-11-04,45,1992
77,1992-11-11,46,1992
67,1992-11-18,47,1992
95,1992-11-25,48,1992
92,1992-12-02,49,1992
76,1992-12-09,50,1992
79,1992-12-16,51,1992
71,1992-12-23,52,1992
65,1993-01-01,1,1993
67,1993-01-08,2,1993
58,1993-01-15,3,1993
62,1993-01-22,4,1993
66,1993-01-29,5,1993
70,1993-02-05,6,1993
50,1993-02-12,7,1993
31,1993-02-19,8,1993
25,1993-02-26,9,1993
32,1993-03-05,10,1993
31,1993-03-12,11,1993
21,1993-03-19,12,1993
15,1993-03-26,13,1993
15,1993-04-02,14,1993
10,1993-04-09,15,1993
17,1993-04-16,16,1993
16,1993-04-23,17,1993
20,1993-04-30,18,1993
27,1993-05-07,19,1993
14,1993-05-14,20,1993
15,1993-05-21,21,1993
28,1993-05-28,22,1993
36,1993-06-04,23,1993
15,1993-06-11,24,1993
25,1993-06-18,25,1993
22,1993-06-25,26,1993
35,1993-07-02,27,1993
29,1993-07-09,28,1993
30,1993-07-16,29,1993
40,1993-07-23,30,1993
37,1993-07-30,31,1993
26,1993-08-06,32,1993
39,1993-08-13,33,1993
40,1993-08-20,34,1993
23,1993-08-27,35,1993
40,1993-09-03,36,1993
44,1993-09-10,37,1993
38,1993-09-17,38,1993
35,1993-09-24,39,1993
49,1993-10-01,40,1993
44,1993-10-08,41,1993
57,1993-10-15,42,1993
69,1993-10-22,43,1993
75,1993-10-29,44,1993
76,1993-11-05,45,1993
79,1993-11-12,46,1993
59,1993-11-19,47,1993
49,1993-11-26,48,1993
64,1993-12-03,49,1993
39,1993-12-10,50,1993
53,1993-12-17,51,1993
44,1993-12-24,52,1993
32,1994-01-01,1,1994
47,1994-01-08,2,1994
39,1994-01-15,3,1994
51,1994-01-22,4,1994
51,1994-01-29,5,1994
48,1994-02-05,6,1994
34,1994-02-12,7,1994
41,1994-02-19,8,1994
45,1994-02-26,9,1994
37,1994-03-05,10,1994
34,1994-03-12,11,1994
33,1994-03-19,12,1994
21,1994-03-26,13,1994
32,1994-04-02,14,1994
23,1994-04-09,15,1994
22,1994-04-16,16,1994
20,1994-04-23,17,1994
22,1994-04-30,18,1994
26,1994-05-07,19,1994
13,1994-05-14,20,1994
35,1994-05-21,21,1994
50,1994-05-28,22,1994
49,1994-06-04,23,1994
56,1994-06-11,24,1994
61,1994-06-18,25,1994
102,1994-06-25,26,1994
132,1994-07-02,27,1994
109,1994-07-09,28,1994
107,1994-07-16,29,1994
124,1994-07-23,30,1994
165,1994-07-30,31,1994
139,1994-08-06,32,1994
133,1994-08-13,33,1994
170,1994-08-20,34,1994
144,1994-08-27,35,1994
197,1994-09-03,36,1994
142,1994-09-10,37,1994
187,1994-09-17,38,1994
208,1994-09-24,39,1994
214,1994-10-01,40,1994
252,1994-10-08,41,1994
292,1994-10-15,42,1994
222,1994-10-22,43,1994
169,1994-10-29,44,1994
165,1994-11-05,45,1994
141,1994-11-12,46,1994
214,1994-11-19,47,1994
202,1994-11-26,48,1994
184,1994-12-03,49,1994
150,1994-12-10,50,1994
115,1994-12-17,51,1994
111,1994-12-24,52,1994
115,1995-01-01,1,1995
95,1995-01-08,2,1995
98,1995-01-15,3,1995
92,1995-01-22,4,1995
56,1995-01-29,5,1995
57,1995-02-05,6,1995
39,1995-02-12,7,1995
31,1995-02-19,8,1995
21,1995-02-26,9,1995
35,1995-03-05,10,1995
13,1995-03-12,11,1995
27,1995-03-19,12,1995
23,1995-03-26,13,1995
20,1995-04-02,14,1995
21,1995-04-09,15,1995
10,1995-04-16,16,1995
8,1995-04-23,17,1995
10,1995-04-30,18,1995
10,1995-05-07,19,1995
9,1995-05-14,20,1995
13,1995-05-21,21,1995
13,1995-05-28,22,1995
28,1995-06-04,23,1995
21,1995-06-11,24,1995
38,1995-06-18,25,1995
45,1995-06-25,26,1995
30,1995-07-02,27,1995
27,1995-07-09,28,1995
32,1995-07-16,29,1995
30,1995-07-23,30,1995
52,1995-07-30,31,1995
59,1995-08-06,32,1995
57,1995-08-13,33,1995
47,1995-08-20,34,1995
37,1995-08-27,35,1995
43,1995-09-03,36,1995
62,1995-09-10,37,1995
56,1995-09-17,38,1995
47,1995-09-24,39,1995
57,1995-10-01,40,1995
48,1995-10-08,41,1995
53,1995-10-15,42,1995
63,1995-10-22,43,1995
68,1995-10-29,44,1995
58,1995-11-05,45,1995
43,1995-11-12,46,1995
50,1995-11-19,47,1995
38,1995-11-26,48,1995
33,1995-12-03,49,1995
27,1995-12-10,50,1995
26,1995-12-17,51,1995
27,1995-12-24,52,1995
34,1996-01-01,1,1996
25,1996-01-08,2,1996
40,1996-01-15,3,1996
26,1996-01-22,4,1996
35,1996-01-29,5,1996
34,1996-02-05,6,1996
24,1996-02-12,7,1996
21,1996-02-19,8,1996
26,1996-02-26,9,1996
24,1996-03-04,10,1996
19,1996-03-11,11,1996
12,1996-03-18,12,1996
20,1996-03-25,13,1996
11,1996-04-01,14,1996
17,1996-04-08,15,1996
15,1996-04-15,16,1996
10,1996-04-22,17,1996
8,1996-04-29,18,1996
9,1996-05-06,19,1996
6,1996-05-13,20,1996
4,1996-05-20,21,1996
13,1996-05-27,22,1996
2,1996-06-03,23,1996
8,1996-06-10,24,1996
9,1996-06-17,25,1996
14,1996-06-24,26,1996
19,1996-07-01,27,1996
22,1996-07-08,28,1996
20,1996-07-15,29,1996
30,1996-07-22,30,1996
36,1996-07-29,31,1996
34,1996-08-05,32,1996
50,1996-08-12,33,1996
56,1996-08-19,34,1996
53,1996-08-26,35,1996
41,1996-09-02,36,1996
56,1996-09-09,37,1996
68,1996-09-16,38,1996
64,1996-09-23,39,1996
56,1996-09-30,40,1996
66,1996-10-07,41,1996
60,1996-10-14,42,1996
61,1996-10-21,43,1996
90,1996-10-28,44,1996
77,1996-11-04,45,1996
69,1996-11-11,46,1996
72,1996-11-18,47,1996
76,1996-11-25,48,1996
50,1996-12-02,49,1996
68,1996-12-09,50,1996
60,1996-12-16,51,1996
50,1996-12-23,52,1996
40,1997-01-01,1,1997
45,1997-01-08,2,1997
59,1997-01-15,3,1997
35,1997-01-22,4,1997
46,1997-01-29,5,1997
30,1997-02-05,6,1997
28,1997-02-12,7,1997
29,1997-02-19,8,1997
28,1997-02-26,9,1997
23,1997-03-05,10,1997
16,1997-03-12,11,1997
13,1997-03-19,12,1997
16,1997-03-26,13,1997
14,1997-04-02,14,1997
12,1997-04-09,15,1997
22,1997-04-16,16,1997
16,1997-04-23,17,1997
11,1997-04-30,18,1997
13,1997-05-07,19,1997
15,1997-05-14,20,1997
6,1997-05-21,21,1997
10,1997-05-28,22,1997
16,1997-06-04,23,1997
10,1997-06-11,24,1997
12,1997-06-18,25,1997
16,1997-06-25,26,1997
15,1997-07-02,27,1997
16,1997-07-09,28,1997
15,1997-07-16,29,1997
10,1997-07-23,30,1997
37,1997-07-30,31,1997
30,1997-08-06,32,1997
32,1997-08-13,33,1997
53,1997-08-20,34,1997
60,1997-08-27,35,1997
93,1997-09-03,36,1997
80,1997-09-10,37,1997
64,1997-09-17,38,1997
63,1997-09-24,39,1997
64,1997-10-01,40,1997
88,1997-10-08,41,1997
87,1997-10-15,42,1997
127,1997-10-22,43,1997
135,1997-10-29,44,1997
103,1997-11-05,45,1997
75,1997-11-12,46,1997
71,1997-11-19,47,1997
77,1997-11-26,48,1997
84,1997-12-03,49,1997
100,1997-12-10,50,1997
92,1997-12-17,51,1997
92,1997-12-24,52,1997
93,1998-01-01,1,1998
94,1998-01-08,2,1998
97,1998-01-15,3,1998
79,1998-01-22,4,1998
100,1998-01-29,5,1998
117,1998-02-05,6,1998
124,1998-02-12,7,1998
99,1998-02-19,8,1998
81,1998-02-26,9,1998
106,1998-03-05,10,1998
71,1998-03-12,11,1998
76,1998-03-19,12,1998
67,1998-03-26,13,1998
64,1998-04-02,14,1998
64,1998-04-09,15,1998
50,1998-04-16,16,1998
67,1998-04-23,17,1998
68,1998-04-30,18,1998
66,1998-05-07,19,1998
71,1998-05-14,20,1998
75,1998-05-21,21,1998
83,1998-05-28,22,1998
97,1998-06-04,23,1998
118,1998-06-11,24,1998
131,1998-06-18,25,1998
153,1998-06-25,26,1998
188,1998-07-02,27,1998
192,1998-07-09,28,1998
177,1998-07-16,29,1998
233,1998-07-23,30,1998
283,1998-07-30,31,1998
236,1998-08-06,32,1998
212,1998-08-13,33,1998
161,1998-08-20,34,1998
149,1998-08-27,35,1998
97,1998-09-03,36,1998
39,1998-09-10,37,1998
46,1998-09-17,38,1998
65,1998-09-24,39,1998
80,1998-10-01,40,1998
99,1998-10-08,41,1998
84,1998-10-15,42,1998
70,1998-10-22,43,1998
76,1998-10-29,44,1998
59,1998-11-05,45,1998
70,1998-11-12,46,1998
77,1998-11-19,47,1998
92,1998-11-26,48,1998
67,1998-12-03,49,1998
71,1998-12-10,50,1998
80,1998-12-17,51,1998
65,1998-12-24,52,1998
60,1999-01-01,1,1999
57,1999-01-08,2,1999
67,1999-01-15,3,1999
79,1999-01-22,4,1999
52,1999-01-29,5,1999
52,1999-02-05,6,1999
47,1999-02-12,7,1999
35,1999-02-19,8,1999
41,1999-02-26,9,1999
43,1999-03-05,10,1999
30,1999-03-12,11,1999
13,1999-03-19,12,1999
16,1999-03-26,13,1999
24,1999-04-02,14,1999
10,1999-04-09,15,1999
16,1999-04-16,16,1999
21,1999-04-23,17,1999
14,1999-04-30,18,1999
11,1999-05-07,19,1999
14,1999-05-14,20,1999
24,1999-05-21,21,1999
16,1999-05-28,22,1999
12,1999-06-04,23,1999
16,1999-06-11,24,1999
14,1999-06-18,25,1999
10,1999-06-25,26,1999
22,1999-07-02,27,1999
17,1999-07-09,28,1999
19,1999-07-16,29,1999
17,1999-07-23,30,1999
31,1999-07-30,31,1999
31,1999-08-06,32,1999
41,1999-08-13,33,1999
47,1999-08-20,34,1999
27,1999-08-27,35,1999
25,1999-09-03,36,1999
51,1999-09-10,37,1999
65,1999-09-17,38,1999
66,1999-09-24,39,1999
54,1999-10-01,40,1999
59,1999-10-08,41,1999
38,1999-10-15,42,1999
51,1999-10-22,43,1999
71,1999-10-29,44,1999
50,1999-11-05,45,1999
46,1999-11-12,46,1999
49,1999-11-19,47,1999
43,1999-11-26,48,1999
50,1999-12-03,49,1999
32,1999-12-10,50,1999
26,1999-12-17,51,1999
25,1999-12-24,52,1999
20,2000-01-01,1,2000
20,2000-01-08,2,2000
26,2000-01-15,3,2000
20,2000-01-22,4,2000
24,2000-01-29,5,2000
10,2000-02-05,6,2000
9,2000-02-12,7,2000
9,2000-02-19,8,2000
8,2000-02-26,9,2000
4,2000-03-04,10,2000
5,2000-03-11,11,2000
8,2000-03-18,12,2000
3,2000-03-25,13,2000
1,2000-04-01,14,2000
4,2000-04-08,15,2000
4,2000-04-15,16,2000
3,2000-04-22,17,2000
3,2000-04-29,18,2000
2,2000-05-06,19,2000
2,2000-05-13,20,2000
0,2000-05-20,21,2000
4,2000-05-27,22,2000
4,2000-06-03,23,2000
2,2000-06-10,24,2000
5,2000-06-17,25,2000
5,2000-06-24,26,2000
9,2000-07-01,27,2000
2,2000-07-08,28,2000
9,2000-07-15,29,2000
4,2000-07-22,30,2000
7,2000-07-29,31,2000
13,2000-08-05,32,2000
7,2000-08-12,33,2000
14,2000-08-19,34,2000
6,2000-08-26,35,2000
8,2000-09-02,36,2000
10,2000-09-09,37,2000
10,2000-09-16,38,2000
8,2000-09-23,39,2000
17,2000-09-30,40,2000
22,2000-10-07,41,2000
20,2000-10-14,42,2000
33,2000-10-21,43,2000
27,2000-10-28,44,2000
36,2000-11-04,45,2000
46,2000-11-11,46,2000
58,2000-11-18,47,2000
53,2000-11-25,48,2000
49,2000-12-02,49,2000
43,2000-12-09,50,2000
36,2000-12-16,51,2000
32,2000-12-23,52,2000
41,2001-01-01,1,2001
23,2001-01-08,2,2001
29,2001-01-15,3,2001
22,2001-01-22,4,2001
20,2001-01-29,5,2001
15,2001-02-05,6,2001
17,2001-02-12,7,2001
22,2001-02-19,8,2001
13,2001-02-26,9,2001
18,2001-03-05,10,2001
13,2001-03-12,11,2001
11,2001-03-19,12,2001
18,2001-03-26,13,2001
12,2001-04-02,14,2001
3,2001-04-09,15,2001
7,2001-04-16,16,2001
8,2001-04-23,17,2001
9,2001-04-30,18,2001
14,2001-05-07,19,2001
7,2001-05-14,20,2001
10,2001-05-21,21,2001
9,2001-05-28,22,2001
15,2001-06-04,23,2001
19,2001-06-11,24,2001
13,2001-06-18,25,2001
25,2001-06-25,26,2001
15,2001-07-02,27,2001
30,2001-07-09,28,2001
29,2001-07-16,29,2001
27,2001-07-23,30,2001
36,2001-07-30,31,2001
53,2001-08-06,32,2001
70,2001-08-13,33,2001
76,2001-08-20,34,2001
82,2001-08-27,35,2001
90,2001-09-03,36,2001
105,2001-09-10,37,2001
110,2001-09-17,38,2001
94,2001-09-24,39,2001
105,2001-10-01,40,2001
109,2001-10-08,41,2001
100,2001-10-15,42,2001
96,2001-10-22,43,2001
105,2001-10-29,44,2001
119,2001-11-05,45,2001
109,2001-11-12,46,2001
93,2001-11-19,47,2001
67,2001-11-26,48,2001
38,2001-12-03,49,2001
50,2001-12-10,50,2001
34,2001-12-17,51,2001
33,2001-12-24,52,2001
45,2002-01-01,1,2002
44,2002-01-08,2,2002
41,2002-01-15,3,2002
29,2002-01-22,4,2002
24,2002-01-29,5,2002
21,2002-02-05,6,2002
25,2002-02-12,7,2002
16,2002-02-19,8,2002
22,2002-02-26,9,2002
8,2002-03-05,10,2002
14,2002-03-12,11,2002
10,2002-03-19,12,2002
7,2002-03-26,13,2002
3,2002-04-02,14,2002
7,2002-04-09,15,2002
6,2002-04-16,16,2002
2,2002-04-23,17,2002
3,2002-04-30,18,2002
4,2002-05-07,19,2002
4,2002-05-14,20,2002
7,2002-05-21,21,2002
11,2002-05-28,22,2002
10,2002-06-04,23,2002
12,2002-06-11,24,2002
8,2002-06-18,25,2002
10,2002-06-25,26,2002
10,2002-07-02,27,2002
16,2002-07-09,28,2002
13,2002-07-16,29,2002
17,2002-07-23,30,2002
15,2002-07-30,31,2002
14,2002-08-06,32,2002
24,2002-08-13,33,2002
12,2002-08-20,34,2002
17,2002-08-27,35,2002
23,2002-09-03,36,2002
23,2002-09-10,37,2002
19,2002-09-17,38,2002
16,2002-09-24,39,2002
15,2002-10-01,40,2002
22,2002-10-08,41,2002
14,2002-10-15,42,2002
15,2002-10-22,43,2002
24,2002-10-29,44,2002
19,2002-11-05,45,2002
20,2002-11-12,46,2002
15,2002-11-19,47,2002
11,2002-11-26,48,2002
15,2002-12-03,49,2002
18,2002-12-10,50,2002
7,2002-12-17,51,2002
15,2002-12-24,52,2002
20,2003-01-01,1,2003
13,2003-01-08,2,2003
11,2003-01-15,3,2003
21,2003-01-22,4,2003
9,2003-01-29,5,2003
9,2003-02-05,6,2003
11,2003-02-12,7,2003
9,2003-02-19,8,2003
11,2003-02-26,9,2003
11,2003-03-05,10,2003
11,2003-03-12,11,2003
13,2003-03-19,12,2003
11,2003-03-26,13,2003
5,2003-04-02,14,2003
4,2003-04-09,15,2003
10,2003-04-16,16,2003
7,2003-04-23,17,2003
7,2003-04-30,18,2003
8,2003-05-07,19,2003
11,2003-05-14,20,2003
11,2003-05-21,21,2003
14,2003-05-28,22,2003
11,2003-06-04,23,2003
17,2003-06-11,24,2003
14,2003-06-18,25,2003
19,2003-06-25,26,2003
17,2003-07-02,27,2003
32,2003-07-09,28,2003
34,2003-07-16,29,2003
27,2003-07-23,30,2003
25,2003-07-30,31,2003
36,2003-08-06,32,2003
38,2003-08-13,33,2003
55,2003-08-20,34,2003
56,2003-08-27,35,2003
48,2003-09-03,36,2003
66,2003-09-10,37,2003
60,2003-09-17,38,2003
55,2003-09-24,39,2003
70,2003-10-01,40,2003
67,2003-10-08,41,2003
54,2003-10-15,42,2003
61,2003-10-22,43,2003
61,2003-10-29,44,2003
46,2003-11-05,45,2003
53,2003-11-12,46,2003
33,2003-11-19,47,2003
38,2003-11-26,48,2003
28,2003-12-03,49,2003
28,2003-12-10,50,2003
21,2003-12-17,51,2003
19,2003-12-24,52,2003
22,2004-01-01,1,2004
20,2004-01-08,2,2004
21,2004-01-15,3,2004
18,2004-01-22,4,2004
28,2004-01-29,5,2004
14,2004-02-05,6,2004
19,2004-02-12,7,2004
14,2004-02-19,8,2004
15,2004-02-26,9,2004
7,2004-03-04,10,2004
11,2004-03-11,11,2004
8,2004-03-18,12,2004
11,2004-03-25,13,2004
8,2004-04-01,14,2004
5,2004-04-08,15,2004
5,2004-04-15,16,2004
5,2004-04-22,17,2004
12,2004-04-29,18,2004
7,2004-05-06,19,2004
9,2004-05-13,20,2004
6,2004-05-20,21,2004
14,2004-05-27,22,2004
23,2004-06-03,23,2004
16,2004-06-10,24,2004
24,2004-06-17,25,2004
15,2004-06-24,26,2004
13,2004-07-01,27,2004
32,2004-07-08,28,2004
28,2004-07-15,29,2004
14,2004-07-22,30,2004
18,2004-07-29,31,2004
36,2004-08-05,32,2004
24,2004-08-12,33,2004
27,2004-08-19,34,2004
12,2004-08-26,35,2004
22,2004-09-02,36,2004
17,2004-09-09,37,2004
21,2004-09-16,38,2004
44,2004-09-23,39,2004
23,2004-09-30,40,2004
26,2004-10-07,41,2004
36,2004-10-14,42,2004
26,2004-10-21,43,2004
28,2004-10-28,44,2004
30,2004-11-04,45,2004
16,2004-11-11,46,2004
27,2004-11-18,47,2004
14,2004-11-25,48,2004
15,2004-12-02,49,2004
21,2004-12-09,50,2004
23,2004-12-16,51,2004
15,2004-12-23,52,2004
11,2005-01-01,1,2005
23,2005-01-08,2,2005
20,2005-01-15,3,2005
8,2005-01-22,4,2005
13,2005-01-29,5,2005
10,2005-02-05,6,2005
11,2005-02-12,7,2005
12,2005-02-19,8,2005
13,2005-02-26,9,2005
5,2005-03-05,10,2005
6,2005-03-12,11,2005
11,2005-03-19,12,2005
4,2005-03-26,13,2005
6,2005-04-02,14,2005
8,2005-04-09,15,2005
1,2005-04-16,16,2005
1,2005-04-23,17,2005
5,2005-04-30,18,2005
2,2005-05-07,19,2005
7,2005-05-14,20,2005
5,2005-05-21,21,2005
7,2005-05-28,22,2005
11,2005-06-04,23,2005
17,2005-06-11,24,2005
26,2005-06-18,25,2005
33,2005-06-25,26,2005
35,2005-07-02,27,2005
46,2005-07-09,28,2005
66,2005-07-16,29,2005
72,2005-07-23,30,2005
107,2005-07-30,31,2005
126,2005-08-06,32,2005
116,2005-08-13,33,2005
156,2005-08-20,34,2005
147,2005-08-27,35,2005
182,2005-09-03,36,2005
209,2005-09-10,37,2005
175,2005-09-17,38,2005
125,2005-09-24,39,2005
112,2005-10-01,40,2005
81,2005-10-08,41,2005
88,2005-10-15,42,2005
85,2005-10-22,43,2005
79,2005-10-29,44,2005
78,2005-11-05,45,2005
51,2005-11-12,46,2005
37,2005-11-19,47,2005
39,2005-11-26,48,2005
26,2005-12-03,49,2005
18,2005-12-10,50,2005
24,2005-12-17,51,2005
10,2005-12-24,52,2005
19,2006-01-01,1,2006
11,2006-01-08,2,2006
21,2006-01-15,3,2006
24,2006-01-22,4,2006
9,2006-01-29,5,2006
10,2006-02-05,6,2006
10,2006-02-12,7,2006
3,2006-02-19,8,2006
8,2006-02-26,9,2006
7,2006-03-05,10,2006
1,2006-03-12,11,2006
4,2006-03-19,12,2006
7,2006-03-26,13,2006
4,2006-04-02,14,2006
2,2006-04-09,15,2006
3,2006-04-16,16,2006
5,2006-04-23,17,2006
4,2006-04-30,18,2006
8,2006-05-07,19,2006
5,2006-05-14,20,2006
5,2006-05-21,21,2006
11,2006-05-28,22,2006
5,2006-06-04,23,2006
6,2006-06-11,24,2006
8,2006-06-18,25,2006
7,2006-06-25,26,2006
8,2006-07-02,27,2006
9,2006-07-09,28,2006
13,2006-07-16,29,2006
20,2006-07-23,30,2006
17,2006-07-30,31,2006
23,2006-08-06,32,2006
14,2006-08-13,33,2006
28,2006-08-20,34,2006
26,2006-08-27,35,2006
27,2006-09-03,36,2006
34,2006-09-10,37,2006
24,2006-09-17,38,2006
44,2006-09-24,39,2006
25,2006-10-01,40,2006
22,2006-10-08,41,2006
16,2006-10-15,42,2006
14,2006-10-22,43,2006
23,2006-10-29,44,2006
24,2006-11-05,45,2006
21,2006-11-12,46,2006
20,2006-11-19,47,2006
26,2006-11-26,48,2006
9,2006-12-03,49,2006
18,2006-12-10,50,2006
12,2006-12-17,51,2006
12,2006-12-24,52,2006
17,2007-01-01,1,2007
12,2007-01-08,2,2007
21,2007-01-15,3,2007
12,2007-01-22,4,2007
12,2007-01-29,5,2007
22,2007-02-05,6,2007
17,2007-02-12,7,2007
18,2007-02-19,8,2007
18,2007-02-26,9,2007
18,2007-03-05,10,2007
12,2007-03-12,11,2007
21,2007-03-19,12,2007
12,2007-03-26,13,2007
6,2007-04-02,14,2007
13,2007-04-09,15,2007
7,2007-04-16,16,2007
2,2007-04-23,17,2007
11,2007-04-30,18,2007
9,2007-05-07,19,2007
14,2007-05-14,20,2007
13,2007-05-21,21,2007
22,2007-05-28,22,2007
26,2007-06-04,23,2007
33,2007-06-11,24,2007
44,2007-06-18,25,2007
35,2007-06-25,26,2007
53,2007-07-02,27,2007
74,2007-07-09,28,2007
78,2007-07-16,29,2007
73,2007-07-23,30,2007
81,2007-07-30,31,2007
164,2007-08-06,32,2007
144,2007-08-13,33,2007
166,2007-08-20,34,2007
198,2007-08-27,35,2007
152,2007-09-03,36,2007
228,2007-09-10,37,2007
257,2007-09-17,38,2007
266,2007-09-24,39,2007
383,2007-10-01,40,2007
315,2007-10-08,41,2007
224,2007-10-15,42,2007
142,2007-10-22,43,2007
88,2007-10-29,44,2007
102,2007-11-05,45,2007
51,2007-11-12,46,2007
62,2007-11-19,47,2007
52,2007-11-26,48,2007
31,2007-12-03,49,2007
26,2007-12-10,50,2007
27,2007-12-17,51,2007
28,2007-12-24,52,2007
26,2008-01-01,1,2008
26,2008-01-08,2,2008
24,2008-01-15,3,2008
16,2008-01-22,4,2008
12,2008-01-29,5,2008
5,2008-02-05,6,2008
7,2008-02-12,7,2008
9,2008-02-19,8,2008
8,2008-02-26,9,2008
3,2008-03-04,10,2008
6,2008-03-11,11,2008
6,2008-03-18,12,2008
5,2008-03-25,13,2008
4,2008-04-01,14,2008
2,2008-04-08,15,2008
4,2008-04-15,16,2008
5,2008-04-22,17,2008
3,2008-04-29,18,2008
3,2008-05-06,19,2008
2,2008-05-13,20,2008
3,2008-05-20,21,2008
2,2008-05-27,22,2008
3,2008-06-03,23,2008
5,2008-06-10,24,2008
5,2008-06-17,25,2008
3,2008-06-24,26,2008
7,2008-07-01,27,2008
4,2008-07-08,28,2008
5,2008-07-15,29,2008
8,2008-07-22,30,2008
6,2008-07-29,31,2008
17,2008-08-05,32,2008
13,2008-08-12,33,2008
11,2008-08-19,34,2008
12,2008-08-26,35,2008
14,2008-09-02,36,2008
15,2008-09-09,37,2008
17,2008-09-16,38,2008
14,2008-09-23,39,2008
24,2008-09-30,40,2008
34,2008-10-07,41,2008
60,2008-10-14,42,2008
36,2008-10-21,43,2008
46,2008-10-28,44,2008
46,2008-11-04,45,2008
48,2008-11-11,46,2008
42,2008-11-18,47,2008
48,2008-11-25,48,2008
33,2008-12-02,49,2008
31,2008-12-09,50,2008
30,2008-12-16,51,2008
46,2008-12-23,52,2008
34,2009-01-01,1,2009
24,2009-01-08,2,2009
39,2009-01-15,3,2009
33,2009-01-22,4,2009
40,2009-01-29,5,2009
48,2009-02-05,6,2009
50,2009-02-12,7,2009
39,2009-02-19,8,2009
30,2009-02-26,9,2009
31,2009-03-05,10,2009
24,2009-03-12,11,2009
32,2009-03-19,12,2009
25,2009-03-26,13,2009
12,2009-04-02,14,2009
28,2009-04-09,15,2009
12,2009-04-16,16,2009
23,2009-04-23,17,2009
16,2009-04-30,18,2009
11,2009-05-07,19,2009
13,2009-05-14,20,2009
9,2009-05-21,21,2009
14,2009-05-28,22,2009
18,2009-06-04,23,2009
16,2009-06-11,24,2009
25,2009-06-18,25,2009
27,2009-06-25,26,2009
31,2009-07-02,27,2009
24,2009-07-09,28,2009
31,2009-07-16,29,2009
29,2009-07-23,30,2009
37,2009-07-30,31,2009
57,2009-08-06,32,2009
82,2009-08-13,33,2009
54,2009-08-20,34,2009
59,2009-08-27,35,2009
71,2009-09-03,36,2009
69,2009-09-10,37,2009
58,2009-09-17,38,2009
57,2009-09-24,39,2009
79,2009-10-01,40,2009
72,2009-10-08,41,2009
77,2009-10-15,42,2009
75,2009-10-22,43,2009
81,2009-10-29,44,2009
75,2009-11-05,45,2009
102,2009-11-12,46,2009
97,2009-11-19,47,2009
116,2009-11-26,48,2009
92,2009-12-03,49,2009
80,2009-12-10,50,2009
71,2009-12-17,51,2009
102,2009-12-24,52,2009
99,2010-01-01,1,2010
82,2010-01-08,2,2010
70,2010-01-15,3,2010
95,2010-01-22,4,2010
99,2010-01-29,5,2010
75,2010-02-05,6,2010
112,2010-02-12,7,2010
120,2010-02-19,8,2010
93,2010-02-26,9,2010
95,2010-03-05,10,2010
78,2010-03-12,11,2010
125,2010-03-19,12,2010
82,2010-03-26,13,2010
103,2010-04-02,14,2010
70,2010-04-09,15,2010
75,2010-04-16,16,2010
84,2010-04-23,17,2010
83,2010-04-30,18,2010
90,2010-05-07,19,2010
104,2010-05-14,20,2010
126,2010-05-21,21,2010
137,2010-05-28,22,2010
187,2010-06-04,23,2010
289,2010-06-11,24,2010
267,2010-06-18,25,2010
273,2010-06-25,26,2010
360,2010-07-02,27,2010
430,2010-07-09,28,2010
502,2010-07-16,29,2010
432,2010-07-23,30,2010
516,2010-07-30,31,2010
516,2010-08-06,32,2010
544,2010-08-13,33,2010
473,2010-08-20,34,2010
416,2010-08-27,35,2010
435,2010-09-03,36,2010
421,2010-09-10,37,2010
362,2010-09-17,38,2010
317,2010-09-24,39,2010
242,2010-10-01,40,2010
223,2010-10-08,41,2010
200,2010-10-15,42,2010
186,2010-10-22,43,2010
171,2010-10-29,44,2010
124,2010-11-05,45,2010
80,2010-11-12,46,2010
69,2010-11-19,47,2010
53,2010-11-26,48,2010
55,2010-12-03,49,2010
41,2010-12-10,50,2010
45,2010-12-17,51,2010
30,2010-12-24,52,2010
20,2011-01-01,1,2011
23,2011-01-08,2,2011
39,2011-01-15,3,2011
11,2011-01-22,4,2011
11,2011-01-29,5,2011
18,2011-02-05,6,2011
19,2011-02-12,7,2011
19,2011-02-19,8,2011
9,2011-02-26,9,2011
12,2011-03-05,10,2011
5,2011-03-12,11,2011
6,2011-03-19,12,2011
6,2011-03-26,13,2011
7,2011-04-02,14,2011
6,2011-04-09,15,2011
5,2011-04-16,16,2011
5,2011-04-23,17,2011
2,2011-04-30,18,2011
4,2011-05-07,19,2011
4,2011-05-14,20,2011
8,2011-05-21,21,2011
3,2011-05-28,22,2011
7,2011-06-04,23,2011
9,2011-06-11,24,2011
10,2011-06-18,25,2011
27,2011-06-25,26,2011
21,2011-07-02,27,2011
35,2011-07-09,28,2011
38,2011-07-16,29,2011
31,2011-07-23,30,2011
48,2011-07-30,31,2011
41,2011-08-06,32,2011
59,2011-08-13,33,2011
69,2011-08-20,34,2011
64,2011-08-27,35,2011
69,2011-09-03,36,2011
85,2011-09-10,37,2011
68,2011-09-17,38,2011
70,2011-09-24,39,2011
56,2011-10-01,40,2011
68,2011-10-08,41,2011
71,2011-10-15,42,2011
55,2011-10-22,43,2011
63,2011-10-29,44,2011
40,2011-11-05,45,2011
33,2011-11-12,46,2011
32,2011-11-19,47,2011
26,2011-11-26,48,2011
30,2011-12-03,49,2011
26,2011-12-10,50,2011
18,2011-12-17,51,2011
22,2011-12-24,52,2011
30,2012-01-01,1,2012
25,2012-01-08,2,2012
22,2012-01-15,3,2012
16,2012-01-22,4,2012
19,2012-01-29,5,2012
12,2012-02-05,6,2012
12,2012-02-12,7,2012
11,2012-02-19,8,2012
20,2012-02-26,9,2012
21,2012-03-04,10,2012
19,2012-03-11,11,2012
14,2012-03-18,12,2012
11,2012-03-25,13,2012
11,2012-04-01,14,2012
12,2012-04-08,15,2012
13,2012-04-15,16,2012
18,2012-04-22,17,2012
9,2012-04-29,18,2012
24,2012-05-06,19,2012
28,2012-05-13,20,2012
40,2012-05-20,21,2012
50,2012-05-27,22,2012
46,2012-06-03,23,2012
80,2012-06-10,24,2012
80,2012-06-17,25,2012
63,2012-06-24,26,2012
74,2012-07-01,27,2012
93,2012-07-08,28,2012
81,2012-07-15,29,2012
89,2012-07-22,30,2012
98,2012-07-29,31,2012
131,2012-08-05,32,2012
140,2012-08-12,33,2012
128,2012-08-19,34,2012
138,2012-08-26,35,2012
165,2012-09-02,36,2012
179,2012-09-09,37,2012
197,2012-09-16,38,2012
207,2012-09-23,39,2012
259,2012-09-30,40,2012
286,2012-10-07,41,2012
271,2012-10-14,42,2012
224,2012-10-21,43,2012
296,2012-10-28,44,2012
309,2012-11-04,45,2012
349,2012-11-11,46,2012
360,2012-11-18,47,2012
378,2012-11-25,48,2012
389,2012-12-02,49,2012
338,2012-12-09,50,2012
284,2012-12-16,51,2012
298,2012-12-23,52,2012
312,2013-01-01,1,2013
333,2013-01-08,2,2013
265,2013-01-15,3,2013
263,2013-01-22,4,2013
232,2013-01-29,5,2013
216,2013-02-05,6,2013
159,2013-02-12,7,2013
147,2013-02-19,8,2013
139,2013-02-26,9,2013
130,2013-03-05,10,2013
103,2013-03-12,11,2013
109,2013-03-19,12,2013
89,2013-03-26,13,2013
76,2013-04-02,14,2013
90,2013-04-09,15,2013
75,2013-04-16,16,2013
61,2013-04-23,17,2013
74,2013-04-30,18,2013
86,2013-05-07,19,2013
88,2013-05-14,20,2013
95,2013-05-21,21,2013
138,2013-05-28,22,2013
213,2013-06-04,23,2013
195,2013-06-11,24,2013
328,2013-06-18,25,2013
278,2013-06-25,26,2013
305,2013-07-02,27,2013
312,2013-07-09,28,2013
354,2013-07-16,29,2013
393,2013-07-23,30,2013
404,2013-07-30,31,2013
435,2013-08-06,32,2013
451,2013-08-13,33,2013
395,2013-08-20,34,2013
345,2013-08-27,35,2013
290,2013-09-03,36,2013
295,2013-09-10,37,2013
273,2013-09-17,38,2013
266,2013-09-24,39,2013
254,2013-10-01,40,2013
220,2013-10-08,41,2013
179,2013-10-15,42,2013
140,2013-10-22,43,2013
138,2013-10-29,44,2013
106,2013-11-05,45,2013
135,2013-11-12,46,2013
81,2013-11-19,47,2013
67,2013-11-26,48,2013
67,2013-12-03,49,2013
57,2013-12-10,50,2013
43,2013-12-17,51,2013
45,2013-12-24,52,2013
46,2014-01-01,1,2014
51,2014-01-08,2,2014
39,2014-01-15,3,2014
37,2014-01-22,4,2014
32,2014-01-29,5,2014
19,2014-02-05,6,2014
25,2014-02-12,7,2014
19,2014-02-19,8,2014
21,2014-02-26,9,2014
18,2014-03-05,10,2014
15,2014-03-12,11,2014
10,2014-03-19,12,2014
10,2014-03-26,13,2014
14,2014-04-02,14,2014
5,2014-04-09,15,2014
8,2014-04-16,16,2014
4,2014-04-23,17,2014
2,2014-04-30,18,2014
6,2014-05-07,19,2014
10,2014-05-14,20,2014
9,2014-05-21,21,2014
5,2014-05-28,22,2014
10,2014-06-04,23,2014
7,2014-06-11,24,2014
22,2014-06-18,25,2014
6,2014-06-25,26,2014
10,2014-07-02,27,2014
14,2014-07-09,28,2014
17,2014-07-16,29,2014
25,2014-07-23,30,2014
19,2014-07-30,31,2014
18,2014-08-06,32,2014
12,2014-08-13,33,2014
15,2014-08-20,34,2014
16,2014-08-27,35,2014
24,2014-09-03,36,2014
16,2014-09-10,37,2014
14,2014-09-17,38,2014
12,2014-09-24,39,2014
13,2014-10-01,40,2014
15,2014-10-08,41,2014
10,2014-10-15,42,2014
3,2014-10-22,43,2014
1,2014-10-29,44,2014
2,2014-11-05,45,2014
2,2014-11-12,46,2014
2,2014-11-19,47,2014
1,2014-11-26,48,2014
4,2014-12-03,49,2014
2,2014-12-10,50,2014
1,2014-12-17,51,2014
2,2014-12-24,52,2014
1,2015-01-01,1,2015
2,2015-01-08,2,2015
0,2015-01-15,3,2015
5,2015-01-22,4,2015
1,2015-01-29,5,2015
0,2015-02-05,6,2015
2,2015-02-12,7,2015
3,2015-02-19,8,2015
5,2015-02-26,9,2015
1,2015-03-05,10,2015
3,2015-03-12,11,2015
3,2015-03-19,12,2015
3,2015-03-26,13,2015
2,2015-04-02,14,2015
0,2015-04-09,15,2015
1,2015-04-16,16,2015
0,2015-04-23,17,2015
0,2015-04-30,18,2015
0,2015-05-07,19,2015
0,2015-05-14,20,2015
1,2015-05-21,21,2015
1,2015-05-28,22,2015
0,2015-06-04,23,2015
1,2015-06-11,24,2015
0,2015-06-18,25,2015
0,2015-06-25,26,2015
0,2015-07-02,27,2015
1,2015-07-09,28,2015
1,2015-07-16,29,2015
3,2015-07-23,30,2015
0,2015-07-30,31,2015
2,2015-08-06,32,2015
1,2015-08-13,33,2015
0,2015-08-20,34,2015
1,2015-08-27,35,2015
0,2015-09-03,36,2015
0,2015-09-10,37,2015
0,2015-09-17,38,2015
1,2015-09-24,39,2015
2,2015-10-01,40,2015
1,2015-10-08,41,2015
0,2015-10-15,42,2015
1,2015-10-22,43,2015
2,2015-10-29,44,2015
3,2015-11-05,45,2015
4,2015-11-12,46,2015
1,2015-11-19,47,2015
6,2015-11-26,48,2015
4,2015-12-03,49,2015
5,2015-12-10,50,2015
0,2015-12-17,51,2015
3,2015-12-24,52,2015
2,2016-01-01,1,2016
1,2016-01-08,2,2016
6,2016-01-15,3,2016
11,2016-01-22,4,2016
14,2016-01-29,5,2016
19,2016-02-05,6,2016
36,2016-02-12,7,2016
24,2016-02-19,8,2016
11,2016-02-26,9,2016
9,2016-03-04,10,2016
8,2016-03-11,11,2016
6,2016-03-18,12,2016
4,2016-03-25,13,2016
7,2016-04-01,14,2016
17,2016-04-08,15,2016
14,2016-04-15,16,2016
11,2016-04-22,17,2016
17,2016-04-29,18,2016
8,2016-05-06,19,2016
13,2016-05-13,20,2016
10,2016-05-20,21,2016
23,2016-05-27,22,2016
16,2016-06-03,23,2016
31,2016-06-10,24,2016
25,2016-06-17,25,2016
22,2016-06-24,26,2016
12,2016-07-01,27,2016
12,2016-07-08,28,2016
9,2016-07-15,29,2016
7,2016-07-22,30,2016
27,2016-07-29,31,2016
29,2016-08-05,32,2016
17,2016-08-12,33,2016
19,2016-08-19,34,2016
22,2016-08-26,35,2016
13,2016-09-02,36,2016
11,2016-09-09,37,2016
4,2016-09-16,38,2016
5,2016-09-23,39,2016
1,2016-09-30,40,2016
0,2016-10-07,41,2016
2,2016-10-14,42,2016
0,2016-10-21,43,2016
2,2016-10-28,44,2016
4,2016-11-04,45,2016
0,2016-11-11,46,2016
2,2016-11-18,47,2016
0,2016-11-25,48,2016
3,2016-12-02,49,2016
0,2016-12-09,50,2016
0,2016-12-16,51,2016
4,2016-12-23,52,2016
1,2017-01-01,1,2017
1,2017-01-08,2,2017
0,2017-01-15,3,2017
0,2017-01-22,4,2017
1,2017-01-29,5,2017
0,2017-02-05,6,2017
4,2017-02-12,7,2017
1,2017-02-19,8,2017
3,2017-02-26,9,2017
1,2017-03-05,10,2017
0,2017-03-12,11,2017
2,2017-03-19,12,2017
2,2017-03-26,13,2017
2,2017-04-02,14,2017
1,2017-04-09,15,2017
0,2017-04-16,16,2017
0,2017-04-23,17,2017
0,2017-04-30,18,2017
0,2017-05-07,19,2017
0,2017-05-14,20,2017
0,2017-05-21,21,2017
1,2017-05-28,22,2017
0,2017-06-04,23,2017
0,2017-06-11,24,2017
1,2017-06-18,25,2017
1,2017-06-25,26,2017
6,2017-07-02,27,2017
3,2017-07-09,28,2017
4,2017-07-16,29,2017
0,2017-07-23,30,2017
0,2017-07-30,31,2017
0,2017-08-06,32,2017
0,2017-08-13,33,2017
0,2017-08-20,34,2017
1,2017-08-27,35,2017
0,2017-09-03,36,2017
0,2017-09-10,37,2017
0,2017-09-17,38,2017
0,2017-09-24,39,2017
1,2017-10-01,40,2017
0,2017-10-08,41,2017
0,2017-10-15,42,2017
1,2017-10-22,43,2017
0,2017-10-29,44,2017
0,2017-11-05,45,2017
0,2017-11-12,46,2017
0,2017-11-19,47,2017
1,2017-11-26,48,2017
0,2017-12-03,49,2017
1,2017-12-10,50,2017
0,2017-12-17,51,2017
2,2017-12-24,52,2017
1,2018-01-01,1,2018
0,2018-01-08,2,2018
0,2018-01-15,3,2018
0,2018-01-22,4,2018
0,2018-01-29,5,2018
1,2018-02-05,6,2018
0,2018-02-12,7,2018
0,2018-02-19,8,2018
1,2018-02-26,9,2018
0,2018-03-05,10,2018
1,2018-03-12,11,2018
1,2018-03-19,12,2018
1,2018-03-26,13,2018
1,2018-04-02,14,2018
1,2018-04-09,15,2018
0,2018-04-16,16,2018
0,2018-04-23,17,2018
0,2018-04-30,18,2018
0,2018-05-07,19,2018
1,2018-05-14,20,2018
1,2018-05-21,21,2018
0,2018-05-28,22,2018
0,2018-06-04,23,2018
0,2018-06-11,24,2018
1,2018-06-18,25,2018
0,2018-06-25,26,2018
0,2018-07-02,27,2018
0,2018-07-09,28,2018
1,2018-07-16,29,2018
7,2018-07-23,30,2018
3,2018-07-30,31,2018
1,2018-08-06,32,2018
0,2018-08-13,33,2018
3,2018-08-20,34,2018
1,2018-08-27,35,2018
1,2018-09-03,36,2018
0,2018-09-10,37,2018
1,2018-09-17,38,2018
0,2018-09-24,39,2018
2,2018-10-01,40,2018
0,2018-10-08,41,2018
2,2018-10-15,42,2018
0,2018-10-22,43,2018
0,2018-10-29,44,2018
1,2018-11-05,45,2018
0,2018-11-12,46,2018
2,2018-11-19,47,2018
1,2018-11-26,48,2018
1,2018-12-03,49,2018
0,2018-12-10,50,2018
0,2018-12-17,51,2018
2,2018-12-24,52,2018
1,2019-01-01,1,2019
1,2019-01-08,2,2019
1,2019-01-15,3,2019
1,2019-01-22,4,2019
0,2019-01-29,5,2019
0,2019-02-05,6,2019
0,2019-02-12,7,2019
2,2019-02-19,8,2019
0,2019-02-26,9,2019
0,2019-03-05,10,2019
0,2019-03-12,11,2019
0,2019-03-19,12,2019
1,2019-03-26,13,2019
0,2019-04-02,14,2019
0,2019-04-09,15,2019
0,2019-04-16,16,2019
0,2019-04-23,17,2019
0,2019-04-30,18,2019
1,2019-05-07,19,2019
2,2019-05-14,20,2019
0,2019-05-21,21,2019
0,2019-05-28,22,2019
0,2019-06-04,23,2019
0,2019-06-11,24,2019
1,2019-06-18,25,2019
0,2019-06-25,26,2019
1,2019-07-02,27,2019
1,2019-07-09,28,2019
1,2019-07-16,29,2019
0,2019-07-23,30,2019
1,2019-07-30,31,2019
1,2019-08-06,32,2019
0,2019-08-13,33,2019
1,2019-08-20,34,2019
1,2019-08-27,35,2019
4,2019-09-03,36,2019
1,2019-09-10,37,2019
2,2019-09-17,38,2019
6,2019-09-24,39,2019
3,2019-10-01,40,2019
4,2019-10-08,41,2019
2,2019-10-15,42,2019
1,2019-10-22,43,2019
3,2019-10-29,44,2019
4,2019-11-05,45,2019
4,2019-11-12,46,2019
2,2019-11-19,47,2019
6,2019-11-26,48,2019
8,2019-12-03,49,2019
13,2019-12-10,50,2019
6,2019-12-17,51,2019
15,2019-12-24,52,2019
10,2020-01-01,1,2020
14,2020-01-08,2,2020
22,2020-01-15,3,2020
20,2020-01-22,4,2020
21,2020-01-29,5,2020
28,2020-02-05,6,2020
20,2020-02-12,7,2020
20,2020-02-19,8,2020
19,2020-02-26,9,2020
11,2020-03-04,10,2020
8,2020-03-11,11,2020
8,2020-03-18,12,2020
5,2020-03-25,13,2020
11,2020-04-01,14,2020
12,2020-04-08,15,2020
22,2020-04-15,16,2020
11,2020-04-22,17,2020
16,2020-04-29,18,2020
15,2020-05-06,19,2020
12,2020-05-13,20,2020
12,2020-05-20,21,2020
12,2020-05-27,22,2020
8,2020-06-03,23,2020
10,2020-06-10,24,2020
8,2020-06-17,25,2020
8,2020-06-24,26,2020
9,2020-07-01,27,2020
6,2020-07-08,28,2020
7,2020-07-15,29,2020
4,2020-07-22,30,2020
12,2020-07-29,31,2020
10,2020-08-05,32,2020
13,2020-08-12,33,2020
14,2020-08-19,34,2020
12,2020-08-26,35,2020
20,2020-09-02,36,2020
12,2020-09-09,37,2020
20,2020-09-16,38,2020
27,2020-09-23,39,2020
24,2020-09-30,40,2020
32,2020-10-07,41,2020
34,2020-10-14,42,2020
37,2020-10-21,43,2020
35,2020-10-28,44,2020
40,2020-11-04,45,2020
40,2020-11-11,46,2020
27,2020-11-18,47,2020
32,2020-11-25,48,2020
31,2020-12-02,49,2020
27,2020-12-09,50,2020
36,2020-12-16,51,2020
40,2020-12-23,52,2020
27,2021-01-01,1,2021
26,2021-01-08,2,2021
28,2021-01-15,3,2021
21,2021-01-22,4,2021
26,2021-01-29,5,2021
18,2021-02-05,6,2021
24,2021-02-12,7,2021
18,2021-02-19,8,2021
22,2021-02-26,9,2021
27,2021-03-05,10,2021
12,2021-03-12,11,2021
7,2021-03-19,12,2021
6,2021-03-26,13,2021
12,2021-04-02,14,2021
4,2021-04-09,15,2021
6,2021-04-16,16,2021
10,2021-04-23,17,2021
4,2021-04-30,18,2021
7,2021-05-07,19,2021
13,2021-05-14,20,2021
15,2021-05-21,21,2021
11,2021-05-28,22,2021
8,2021-06-04,23,2021
8,2021-06-11,24,2021
6,2021-06-18,25,2021
5,2021-06-25,26,2021
19,2021-07-02,27,2021
16,2021-07-09,28,2021
14,2021-07-16,29,2021
4,2021-07-23,30,2021
5,2021-07-30,31,2021
19,2021-08-06,32,2021
8,2021-08-13,33,2021
9,2021-08-20,34,2021
13,2021-08-27,35,2021
9,2021-09-03,36,2021
6,2021-09-10,37,2021
10,2021-09-17,38,2021
13,2021-09-24,39,2021
7,2021-10-01,40,2021
14,2021-10-08,41,2021
12,2021-10-15,42,2021
7,2021-10-22,43,2021
10,2021-10-29,44,2021
9,2021-11-05,45,2021
8,2021-11-12,46,2021
10,2021-11-19,47,2021
16,2021-11-26,48,2021
6,2021-12-03,49,2021
15,2021-12-10,50,2021
8,2021-12-17,51,2021
6,2021-12-24,52,2021
8,2022-01-01,1,2022
13,2022-01-08,2,2022
13,2022-01-15,3,2022
5,2022-01-22,4,2022
5,2022-01-29,5,2022
13,2022-02-05,6,2022
6,2022-02-12,7,2022
5,2022-02-19,8,2022
10,2022-02-26,9,2022
6,2022-03-05,10,2022
11,2022-03-12,11,2022
7,2022-03-19,12,2022
7,2022-03-26,13,2022
6,2022-04-02,14,2022
3,2022-04-09,15,2022
9,2022-04-16,16,2022
8,2022-04-23,17,2022
3,2022-04-30,18,2022
8,2022-05-07,19,2022
4,2022-05-14,20,2022
6,2022-05-21,21,2022
5,2022-05-28,22,2022
4,2022-06-04,23,2022
2,2022-06-11,24,2022
3,2022-06-18,25,2022
3,2022-06-25,26,2022
7,2022-07-02,27,2022
5,2022-07-09,28,2022
6,2022-07-16,29,2022
8,2022-07-23,30,2022
10,2022-07-30,31,2022
9,2022-08-06,32,2022
18,2022-08-13,33,2022
18,2022-08-20,34,2022
17,2022-08-27,35,2022
29,2022-09-03,36,2022
18,2022-09-10,37,2022
36,2022-09-17,38,2022
36,2022-09-24,39,2022
47,2022-10-01,40,2022
47,2022-10-08,41,2022
48,2022-10-15,42,2022
43,2022-10-22,43,2022
55,2022-10-29,44,2022
65,2022-11-05,45,2022
62,2022-11-12,46,2022
68,2022-11-19,47,2022
64,2022-11-26,48,2022
69,2022-12-03,49,2022
46,2022-12-10,50,2022
45,2022-12-17,51,2022
26,2022-12-24,52,2022
31,2023-01-01,1,2023
37,2023-01-08,2,2023
28,2023-01-15,3,2023
24,2023-01-22,4,2023
26,2023-01-29,5,2023
24,2023-02-05,6,2023
19,2023-02-12,7,2023
16,2023-02-19,8,2023
20,2023-02-26,9,2023
12,2023-03-05,10,2023
13,2023-03-12,11,2023
15,2023-03-19,12,2023
11,2023-03-26,13,2023
7,2023-04-02,14,2023
10,2023-04-09,15,2023
5,2023-04-16,16,2023
4,2023-04-23,17,2023
7,2023-04-30,18,2023
5,2023-05-07,19,2023
8,2023-05-14,20,2023
8,2023-05-21,21,2023
9,2023-05-28,22,2023
10,2023-06-04,23,2023
15,2023-06-11,24,2023
13,2023-06-18,25,2023
3,2023-06-25,26,2023
4,2023-07-02,27,2023
14,2023-07-09,28,2023
20,2023-07-16,29,2023
17,2023-07-23,30,2023
33,2023-07-30,31,2023
40,2023-08-06,32,2023
17,2023-08-13,33,2023
14,2023-08-20,34,2023
28,2023-08-27,35,2023
34,2023-09-03,36,2023
46,2023-09-10,37,2023
34,2023-09-17,38,2023
34,2023-09-24,39,2023
34,2023-10-01,40,2023
33,2023-10-08,41,2023
34,2023-10-15,42,2023
36,2023-10-22,43,2023
36,2023-10-29,44,2023
45,2023-11-05,45,2023
47,2023-11-12,46,2023
53,2023-11-19,47,2023
42,2023-11-26,48,2023
55,2023-12-03,49,2023
56,2023-12-10,50,2023
54,2023-12-17,51,2023
49,2023-12-24,52,2023
40,2024-01-01,1,2024
49,2024-01-08,2,2024
48,2024-01-15,3,2024
61,2024-01-22,4,2024
61,2024-01-29,5,2024
63,2024-02-05,6,2024
57,2024-02-12,7,2024
51,2024-02-19,8,2024
52,2024-02-26,9,2024
66,2024-03-04,10,2024
64,2024-03-11,11,2024
52,2024-03-18,12,2024
44,2024-03-25,13,2024
73,2024-04-01,14,2024
67,2024-04-08,15,2024
66,2024-04-15,16,2024
69,2024-04-22,17,2024
53,2024-04-29,18,2024
80,2024-05-06,19,2024
71,2024-05-13,20,2024
82,2024-05-20,21,2024
115,2024-05-27,22,2024
126,2024-06-03,23,2024
86,2024-06-10,24,2024
98,2024-06-17,25,2024
118,2024-06-24,26,2024
NA,2024-07-01,27,2024
NA,2024-07-08,28,2024
NA,2024-07-15,29,2024
NA,2024-07-22,30,2024
NA,2024-07-29,31,2024
NA,2024-08-05,32,2024
NA,2024-08-12,33,2024
NA,2024-08-19,34,2024
NA,2024-08-26,35,2024
NA,2024-09-02,36,2024
NA,2024-09-09,37,2024
NA,2024-09-16,38,2024
NA,2024-09-23,39,2024
NA,2024-09-30,40,2024
NA,2024-10-07,41,2024
NA,2024-10-14,42,2024
NA,2024-10-21,43,2024
NA,2024-10-28,44,2024
NA,2024-11-04,45,2024
NA,2024-11-11,46,2024
NA,2024-11-18,47,2024
NA,2024-11-25,48,2024
NA,2024-12-02,49,2024
NA,2024-12-09,50,2024
NA,2024-12-16,51,2024
NA,2024-12-23,52,2024
